AES:CBC,Helzg1pQsOuMRNXs,B61ucZGwQO3T8gS7,SLeN5gNqlGS7xpUPfDJeM8CnYIhW2dJyB4bXSrZH7RO5ODErXh8u5yb316yit3rX,<nil>
AES:CBC,XZ921LxShPHS0zvnGkhlkos7,QsJQiHRmfCDcsjKP,892sszDxvaGidnWcpwY/gd4jJQy0GXTaVPXp72YF42N//o/QGTL7lKhQK8t11R1u,<nil>
AES:CBC,iPFWuxiYKvcRuFtOL0OP2xiWiRf7XNi0,QSCxOZM3AzCzOqnu,U2tUQur4iSKU2byhutbnc/F4f2aMZDXZKJ68Uh2B/wJZXeVwRO+aVl4rfEBKLQ/N,<nil>
AES:CCM,08fobvaRonJuGeJZ,5d2mbYRyDYPIC5rq,,invalid cipher type: CCM
AES:CCM,4TeHl1z2948kdlyv8Gz3Hn05,SOenoG5oqshUq7Oe,,invalid cipher type: CCM
AES:CCM,TAPYGtxYgBcR0aS6X7k2G51KIRF8H33b,SCmcCATt5HisHJle,,invalid cipher type: CCM
AES:CFB,IUtW6PJ92odgM2VQ,jolXQP3gGRx6evTz,,invalid cipher type: CFB
AES:CFB,Zi1Q3yGECk2Jt3RHVKi4Outa,aJFyNkFwDJpNzSrX,,invalid cipher type: CFB
AES:CFB,5JkkLCL6LwM8qOM3L4W4ORlZU6Ys3bxU,jmolyM5LmKIUrdIC,,invalid cipher type: CFB
AES:CFB8,Xvb6wDQKNTm9iUkj,jYTPDKvrR2h1ntnl,f3LSyXfIFkApnNUMeejVRohAm6jgdZktri9xAiuWfN0=,<nil>
AES:CFB8,aotM9zhqCHcIT2mgrBwZFZIi,ypp1UZLDSNqEwTbS,KKVV4nnk208Nq33RzO2C4IOAt2yoQzeTAYmC5R1ZfV0=,<nil>
AES:CFB8,6PQCv6DEFVzWTuiYHiJs4HUxvL8NxVAE,P2MDoGwAKuSRybuh,pIXnkG0yiA7DiUPulHma7TQqFosmOLQUksZHSRSPWFc=,<nil>
AES:CTR,qv7jzKSgHJLRzl2F,bcvtgUuXcKQZAzaO,AymFdL65+xUc/euqHw1vcSqLGDH6i1ceUBiwgnw7sEQ=,<nil>
AES:CTR,zyfirloAoBEs8rt5VxihIwlh,XhTeOOjlGk8DMWoR,hmTQ74P6CI1cpiulDWpK+WkT0+gaMzSPbojYlZqh+nw=,<nil>
AES:CTR,mjrCdePc2KGn9JSCiQkBF6iyjpWfQPf0,2tUSz0qh5EYr9Ffj,casFtXepneKo4AzQ41sR2bRCRbylCxzd9Th4FAYSiko=,<nil>
AES:ECB,U63oSklEZI1dt23d,es2FvTva98GUtEmu,9Xngx/oCJfscxmH731imL2W7AmrZXTZkrqhybZKikbHcQz0GdcDTHhIP2pDT0pV2,<nil>
AES:ECB,uEhEV6EqgQEVJ4tXtr7reL4a,pzUfbze4cVov52eB,dIrQxty0j+9BoBg3XA9VTW7Xi89NBWCePAmX/DnWzWW9xufHFTARQlCbn054X9Fm,<nil>
AES:ECB,1VKsG3Q0Dpb2vawdDM4ymeIonLYS5w0N,gfHFJPhu4K4JUSaw,lorYIoFRk0wkjiW5W+AfJLgLDjgMe6AfzP7X2UodK0oRRCC9qW860i8u0mX2boSq,<nil>
AES:GCM,AJJZ5kWVmrfCMxJM,ENLPOmFtGeLYMRpr,WUXMbn2EnvGiv8P9bGJgEQ==,<nil>
AES:GCM,HfWVr4IWiH4KH3WwwachuTHF,oyPDZ1v57VrL1nZ3,M2n90OHLhW/mFiNP1heUOQ==,<nil>
AES:GCM,VBMwCuXZdZcKegJVcKJuNKSBGsXiivk2,f0lIMukSCqpsdQ7t,Ctt1Ctzl0tqRHw6B3xYahw==,<nil>
AES:OFB,Nkk9U9OZWtR8GRi9,WwAD7fqh8k9lQdDp,,invalid cipher type: OFB
AES:OFB,U60HZbeMWLrtN2UgZLyuZ6mA,5DDpN4TEx6RNInsK,,invalid cipher type: OFB
AES:OFB,IDHAGnFqgoAI2OrTvb8hTGYHkDYodYt9,x9xcfsMhFuh4dmZy,,invalid cipher type: OFB
AES:PCBC,M9ab6dgqz3vWIwNT,TH6JtCBMLTIGVGZ8,,invalid cipher type: PCBC
AES:PCBC,4D8Ukaaz5HNHxKkOFHSdOOIu,sk7LnIMYLJxVOmRv,,invalid cipher type: PCBC
AES:PCBC,xuJkcgcu79D6ytDSqDLGMAgEOdwjqPXv,jojrtadA1P25REpO,,invalid cipher type: PCBC
RSA:OAEP,,FnCatjaCQIB3k02z,AOBxVOqNbes6gfF/iN4/PEfYXYP3jUakMq7PYxGAzXWD4UTYTf7m2HJno2se1mPUBWwmmm90DMSlrWqf0g1uEhRBTKJ5L5wmNqR52R/yuX+TxKXjtg93ZzqgmLUKjs2tjBOP0l9is8QeUadAXEHffot0HIE4H9YvGlSk/IVdtWEJmRdaZa6Ai/wZTVX/rraYg4i58DOJQv5ANM7ksMmLcTibe0QbbiFFCR6wgbRhsLGHtLrXeTk7QOxEQKCwy9EXoOYso39XMcmxOqwvXlAliXRkMEp9MGJ7horRNUXyXHuvCCN0dnrvyoEFoa8NyAZ0yh2t2x2KGvJMGA+AVJ4Quw==,<nil>
RSA:Pkcs1V15,,dLtxqJ1Ji6HUX7E9,IGtpleMborhefDDMgA0TSNp4seHrPuG972T3AXYXZhAPWgZELi9x1CXRJ0MGIjTvZ5wSK/RVPgiVkwwMplLMXWAYkAFNH9OAfazcOeUUA1hs7S84KXr9sTsE6emMHe/KSqbdAtHl4Y/QvVQraWkNUeZhzXrdZMDWnabHIX6M39DIXvwy4Sk4f5Yuam85yAfOANuY1wD2Z+FrxmxayneG64jm/efYsIDkJ6EHr0Z9KLv+GRbm1yG+nfCp2SHIqYNARnEknnn58hSm4mOyEgIcOl5TnqRCSbDfqQ33/Nu0+0tacYcEXKIeFsglZuVA4llFL9biKf05LBqJNk1maDF5xA==,<nil>
X509:OAEP,,JiYIyl8LWyB2o6dD,yuR0FgjXCo0n75INMWVLxIGOVmzZzDgunPs6nIdFsimCSrY8oRVRlCelVk/bc8rWy4DDfSCxBLXoGWsNnLSy2GWimwZH2cF9HB5j6sZHDWNOdxGsfUU8EY9Fop0aBSMJlySCurxM3JwGdcwC4kG/jwlK8Lsgmg/xUGGtnZ5C6v4t84pyRDKRBmBaponXI5XecYg2b1ahS/6t83xfmn1Ai+gv403HTJC2Za3Sg8NSBtDnSWBWJAZha1iZH8M83YzvgGSDxdI0DBRy17JMc4xWk0j77fVzMM5sAttS7Zr00IfObmOZzkY1zslv2qqsA23Hnxr5P2sBiHPHq+TnDm0zqQ==,<nil>
X509:Pkcs1V15,,MZBxIQfTTm93obxH,fW5bozxVGTFIFfBNYQnO+gNVwDSpSPC+bXD+NQbudMRKYH6nHxU35llfZUIfsMPWxUB1WL5oUSpmvK7/8uGY82k6Q/+goQg/HKjLLCYftWWG+x6dv+bnYuHK/Xo0kL2cbeQbzXhRpXMxnW5yYVzN7lKe4EuSX1UNElHodgRHUVm+/K5voqLgf9JF5h/Txbu2BnASCBiblxUgnxws43EBTNmiOAyQBI38bdw8QNjW2pcA6dFTSrQmmYf0wSJ9V+xQ3yEM1VKI+rkcmEi9iP/D62iC6lW7+C/mCIfSIX8uIv03/x841g9VWGULOD1O33wPy9nxKa3QlquIBs4a5O1xTw==,<nil>